alg,n,proc,threads,primes,time
3,25,16,1,2063689,0.0444483
3,26,16,1,3957809,0.158204
3,27,16,1,7603553,0.317519
3,28,16,1,14630843,0.579885
3,29,16,1,28192750,1.2611
3,30,16,1,54400028,2.49369
3,31,16,1,105097565,5.19606
3,32,16,1,203280221,10.4273
3,25,16,2,2063689,0.069999
3,26,16,2,3957809,0.126097
3,27,16,2,7603553,0.258562
3,28,16,2,14630843,0.543952
3,29,16,2,28192750,1.1366
3,30,16,2,54400028,2.32274
3,31,16,2,105097565,4.75391
3,32,16,2,203280221,9.8269
